<?xml version="1.0" encoding="UTF-8"?>
<!DOCTYPE hibernate-configuration PUBLIC
	"-//Hibernate/Hibernate Configuration DTD 3.0//EN"
	"http://www.hibernate.org/dtd/hibernate-configuration-3.0.dtd">
	<hibernate-configuration>
    <session-factory>
        <property name="hibernate.dialect">org.hibernate.dialect.MySQLDialect</property>
        <property name="hibernate.connection.driver_class">com.mysql.cj.jdbc.Driver</property>
        <property name="hibernate.connection.url">jdbc:mysql://localhost:3306/bank</property>
        <property name="hibernate.connection.username">root</property>
        <property name="hibernate.connection.password">pritiag23092004</property>
        <property name="hibernate.hbm2ddl.auto">update</property>
        <property name="hibernate.current_session_context_class">thread</property>
        <property name="show_sql">true</property>
        <mapping class="Hibernate.Bank_Management_System.entity.Account"/>
        <mapping class="Hibernate.Bank_Management_System.entity.Customer"/>
        <mapping class="Hibernate.Bank_Management_System.entity.Branch"/>
        <mapping class="Hibernate.Bank_Management_System.entity.Loan"/>
        <mapping class="Hibernate.Bank_Management_System.entity.Employee"/>
    </session-factory>
</hibernate-configuration>